date,country,authority,action,threatened_at,implemented,delay_days
2018-03-08,GLB,s232,steel_aluminum_tariffs,2018-03-01,true,7
2018-07-06,CHN,s301,list1_tariffs,2018-06-15,true,21
2018-08-23,CHN,s301,list2_tariffs,2018-08-07,true,16
2018-09-24,CHN,s301,list3_tariffs,2018-09-17,true,7
2019-05-10,CHN,s301,list3_increase,2019-05-05,true,5
2019-09-01,CHN,s301,list4a_tariffs,2019-08-01,true,31
2020-01-15,CHN,deal,phase1_agreement,2019-12-13,true,33
2020-02-14,CHN,s301,list4a_reduction,2020-01-15,true,30
2018-05-31,CAN,s232,steel_aluminum_applied,2018-03-08,true,84
2019-05-20,CAN,s232,steel_aluminum_removed,2019-05-17,true,3
2018-06-01,EU,s232,steel_aluminum_applied,2018-03-08,true,85
2021-10-31,EU,s232,tariff_rate_quota_deal,2021-10-30,true,1
2019-10-18,EU,s301,aircraft_dispute_tariffs,2019-10-02,true,16
2021-06-15,EU,deal,aircraft_truce,2021-06-15,true,0
2025-02-01,CAN,ieepa,border_tariffs_threatened,2025-01-20,false,0
2025-02-03,MEX,ieepa,border_tariffs_paused,2025-02-01,false,0
2025-03-04,CHN,ieepa,fentanyl_tariffs,2025-02-27,true,5
2025-04-02,GLB,ieepa,reciprocal_tariffs,2025-03-20,true,13
2025-04-09,GLB,ieepa,reciprocal_pause,2025-04-09,false,0
2025-05-12,CHN,deal,geneva_truce,2025-05-10,true,2
2026-07-20,CAN,s338,section338_action,2026-07-10,true,10
2026-08-22,CAN,s338,section338_partial_removal,2026-08-15,true,7
